{
	"HelpMenu": [{
			"Tools": [{
					"name": "Search",
					"items": [{
							"name": "Address Search"
						}, {
							"name": "Lot/Plan Search"
						}, {
							"name": "Query"
						}, {
							"name": "Filter"
						}
					]
				}, {
					"name": "Measure"
				}, {
					"name": "Draw"
				}, {
					"name": "TDist tools"
				}
			]
		}, {
			"Layerlist": [{
					"name": "Toggle Layers"
				}, {
					"name": "Find Layers"
				}, {
					"name": "Zoom to"
				}
			]
		}, {
			"MapFrame": [{
					"name": "Pan and Zoom"
				}, {
					"name": "Interact"
				}, {
					"name": "Change Basemap"
				}, {
					"name": "Bookmarks"
				}, {
					"name": "GPS Tools"
				}
			]
		}, {
			"Projects": [{
					"name": "Save Project"
				}, {
					"name": "Open Project"
				}
			]
		}
	]

}
